-- phpMyAdmin SQL Dump
-- version 4.6.5.2
-- https://www.phpmyadmin.net/
--
-- Хост: 127.0.0.1:3306
-- Время создания: Июн 07 2017 г., 15:14
-- Версия сервера: 5.7.16-log
-- Версия PHP: 7.0.14

SET SQL_MODE = "NO_AUTO_VALUE_ON_ZERO";
SET time_zone = "+00:00";


/*!40101 SET @OLD_CHARACTER_SET_CLIENT=@@CHARACTER_SET_CLIENT */;
/*!40101 SET @OLD_CHARACTER_SET_RESULTS=@@CHARACTER_SET_RESULTS */;
/*!40101 SET @OLD_COLLATION_CONNECTION=@@COLLATION_CONNECTION */;
/*!40101 SET NAMES utf8mb4 */;

--
-- База данных: `gardencenter`
--

-- --------------------------------------------------------

--
-- Структура таблицы `categories`
--

CREATE TABLE `categories` (
  `category_id` int(4) NOT NULL,
  `category_name` varchar(255) DEFAULT NULL,
  `description` text NOT NULL,
  `category_url` varchar(255) NOT NULL,
  `is_active` tinyint(4) NOT NULL DEFAULT '1',
  `category_image` varchar(255) NOT NULL,
  `meta_title` varchar(255) NOT NULL,
  `meta_description` varchar(255) NOT NULL,
  `meta_keywords` varchar(255) NOT NULL
) ENGINE=MyISAM DEFAULT CHARSET=utf8;

--
-- Дамп данных таблицы `categories`
--

INSERT INTO `categories` (`category_id`, `category_name`, `description`, `category_url`, `is_active`, `category_image`, `meta_title`, `meta_description`, `meta_keywords`) VALUES
(1, 'Самшит', 'Самшит — одно из самых древних декоративных растений, которые использовались в декоративном садоводстве.', 'boxwood', 1, '/images/categories/icons/boxwood.png', '', '', ''),
(2, 'Хвойні дерева і чагарники', 'Хвойні породи дерев по праву вважаються найкрасивішими породами в озелененні.', 'coniferous-trees-and-shrubs', 1, '/images/categories/icons/coniferous-trees-and-shrubs.png', '', '', ''),
(3, 'Листяні дерева і чагарники', '', 'deciduous-trees-and-shrubs', 1, '', '', '', ''),
(4, 'Фруктові дерева', '', 'fruit-trees', 1, '', '', '', ''),
(5, 'Багаторічники', '', 'perennials', 1, '', '', '', ''),
(6, 'Однорічники', '', 'annuals', 1, '', '', '', ''),
(9, 'Троянди', '', 'roses', 1, '', '', '', ''),
(10, 'Хвойні дерева', '', 'coniferous-trees', 1, '', '', '', '');

-- --------------------------------------------------------

--
-- Структура таблицы `migration`
--

CREATE TABLE `migration` (
  `version` varchar(180) NOT NULL,
  `apply_time` int(11) DEFAULT NULL
) ENGINE=InnoDB DEFAULT CHARSET=utf8;

--
-- Дамп данных таблицы `migration`
--

INSERT INTO `migration` (`version`, `apply_time`) VALUES
('m000000_000000_base', 1496527852),
('m130524_201442_init', 1496527857);

-- --------------------------------------------------------

--
-- Структура таблицы `products`
--

CREATE TABLE `products` (
  `product_id` int(8) NOT NULL,
  `product_name_lat` varchar(255) DEFAULT NULL,
  `product_name_ua` varchar(255) DEFAULT NULL,
  `description` varchar(255) NOT NULL,
  `category_id` int(4) NOT NULL DEFAULT '0',
  `pot` varchar(255) DEFAULT NULL,
  `size` varchar(255) DEFAULT NULL,
  `shape` varchar(255) DEFAULT NULL,
  `price` decimal(15,2) DEFAULT NULL,
  `status_id` tinyint(1) DEFAULT NULL,
  `is_active` tinyint(1) DEFAULT '1',
  `image` varchar(255) DEFAULT NULL,
  `meta_description` varchar(255) NOT NULL,
  `meta_keywords` varchar(255) NOT NULL
) ENGINE=MyISAM DEFAULT CHARSET=utf8;

--
-- Дамп данных таблицы `products`
--

INSERT INTO `products` (`product_id`, `product_name_lat`, `product_name_ua`, `description`, `category_id`, `pot`, `size`, `shape`, `price`, `status_id`, `is_active`, `image`, `meta_description`, `meta_keywords`) VALUES
(1461, 'Berberis', 'Барбарис', '', 3, 'контейнер', '', '', '780.00', 0, 1, '', 'Барбарис', 'Барбарис, Berberis'),
(1444, 'Salix matsudana', 'Верба Матсудана', '', 3, 'контейнер', '10 л.', NULL, '295.00', 0, 1, '', '', ''),
(1445, 'Salix  ', 'Верба на штамбі Салікс', '', 3, 'контейнер', '10 л.', NULL, '450.00', 0, 1, '', '', ''),
(1446, 'Salix  ', 'Верба на штамбі Салікс', 'Верба на штамбі Салікс', 3, 'контейнер', '15 л. ', '', '500.00', 0, 1, '', 'Верба на штамбі Салікс', 'Верба на штамбі Салікс'),
(1474, 'Weigela ', 'Вейгелла', '', 3, 'контейнер', '3 л.', NULL, '96.00', 0, 1, '', '', ''),
(1475, 'Weigela ', 'Вейгелла', '', 3, 'контейнер', '7,5 л.', NULL, '150.00', 0, 1, '', '', ''),
(1440, 'Aronia', 'Аронія на штамбі', '', 3, 'контейнер', '30 л.', NULL, '550.00', 0, 1, '', '', ''),
(1441, 'Betula', 'Береза', '', 3, 'контейнер', '50 л.', NULL, '2500.00', 0, 1, '', '', ''),
(1442, 'Betula ', 'Береза', '', 3, 'контейнер', '50 л.', NULL, '2500.00', 0, 1, '', '', ''),
(1443, 'Salices lignum', 'Верба(веретеноподібна)', '', 3, 'контейнер', '50 л.', NULL, '1000.00', 0, 1, '', '', ''),
(1504, 'Pinus mugo Carsten Winter', 'Сосна гірська Карстен Вінтер ', '', 10, 'С7 ', '70/80', NULL, '1100.00', 0, 1, '', '', ''),
(1505, 'Pinus mugo Carsten Wintergold', 'Сосна гірська Карстен Вінтерголд', '', 10, 'С7 ', '70/80', NULL, '1100.00', 0, 1, '', '', ''),
(1506, 'Pinus nigra Spielberg', 'Сосна чорна Спілберг', '', 10, 'С7 ', '70/80', NULL, '1100.00', 0, 1, '', '', ''),
(1507, 'Taxus cuspidata  Nana', 'Тис гострокінцевий Нана', '', 10, 'С7,5', '45/50', NULL, '180.00', 0, 1, '', '', ''),
(1508, 'Picea abies Acrocona', 'Ялина звичайна Акрокона  ', '', 10, ' С30', '100/+', NULL, '1600.00', 0, 1, '', '', ''),
(1509, 'Juniperus squamata Holger', ' Ялівець лускатий Хольгер ', '', 10, 'C3', '25/30', NULL, '130.00', 0, 1, '', '', ''),
(1510, 'Juniperus pfitzeriana Gold Сoast', ' Ялівець середній Голд Коаст ', '', 10, 'C3', '30/+', NULL, '130.00', 0, 1, '', '', ''),
(1511, 'Juniperus pfitzeriana Gold Star', ' Ялівець середній Голд Стар ', '', 10, 'C3', '30/+', NULL, '130.00', 0, 1, '', '', ''),
(1512, 'Juniperus pfitzeriana King of Spring', ' Ялівець середній Кінг оф Спрінг', '', 10, 'C3', '35+', NULL, '130.00', 0, 1, '', '', ''),
(1513, 'Chamaecyparis obtusa Snowflake', 'Кипарисовик тупий Сновфлейк', '', 10, 'С7,5', '50+', NULL, '180.00', 0, 1, '', '', ''),
(1514, 'Chamaecyparis pisifera True Blue', 'Кипарисовик горохоплідний Тру Блю', '', 10, 'С7,5', '3540', NULL, '180.00', 0, 1, '', '', ''),
(1515, 'Chamaecyparis obtusa Pygmaea', ' Кипарисовик тупий Пігмея', '', 10, 'С10', '6065', NULL, '150.00', 0, 1, '', '', ''),
(1516, 'Chamaecyparis pisifera Filifera aurea', 'Кипарисовик Філіфера ауреа ', '', 10, 'С10', '5060', NULL, '180.00', 0, 1, '', '', ''),
(1517, 'Chamaecyparis pisifera Filifera aurea', 'Кипарисовик Філіфера ауреа  ', '', 10, 'С30  ', '120/+', NULL, '1850.00', 0, 1, '', '', ''),
(1518, 'Chamaecyparis Filifera Nana', 'Кипарисовик Філіфера нана', '', 10, 'С15', '70/80', NULL, '350.00', 0, 1, '', '', ''),
(1519, 'Chamaecyparis Filifera Nana', 'Кипарисовик Філіфера нана', '', 10, 'С7,5', '70/80', NULL, '350.00', 0, 1, '', '', ''),
(1520, 'Microbiota deccusata Carnival', 'Мікробіота Карнівал', '', 10, 'контейнер', '25 л.', NULL, '550.00', 0, 1, '', '', ''),
(1521, 'Microbiota deccusata Carnival', 'Мікробіота Карнівал', '', 10, 'С3 ', '30/+', NULL, '130.00', 0, 1, '', '', ''),
(1522, 'Thuja occidentalis Sunkist', 'Санкіст ', '', 10, 'С10', '55/60', NULL, '350.00', 0, 1, '', '', ''),
(1523, 'Pinus mugo pumilio', 'Сосна гірська Пуміліо', '', 10, ' С5 ', '25/+', NULL, '150.00', 0, 1, '', '', ''),
(1524, 'Pinus mugo pumilio', ' Сосна гірська пуміліо', '', 10, 'С7,5', '30/35', NULL, '350.00', 0, 1, '', '', ''),
(1525, 'Pinus mugo Mops', 'Сосна гірська Мугу Мопс', '', 10, 'контейнер', '7,5 л.', NULL, '350.00', 0, 1, '', '', ''),
(1526, 'Pinus mugo Mugo', 'Сосна гірська Мугу Мугу', '', 10, 'С26', '60/+', NULL, '1250.00', 0, 1, '', '', ''),
(1527, 'Pinus mugo Mugo', 'Сосна гірська Мугу Мугу', '', 10, 'С26', '60/+', NULL, '1250.00', 0, 1, '', '', ''),
(1528, 'Taxus media Densiformis', ' Тис  Денсіформіс', '', 10, 'С10', '55/60', NULL, '220.00', 0, 1, '', '', ''),
(1529, 'Taxus baccata David', 'Тис Давід', '', 10, 'С7,5  ', '  40/45', NULL, '180.00', 0, 1, '', '', ''),
(1530, 'Taxus baccata Fastigiata Robusta', 'Тис Фастігіата Робуста', '', 10, 'С7,5  ', '40/+', NULL, '160.00', 0, 1, '', '', ''),
(1531, 'Tsuga canadensis', 'Тсуга канадська', '', 10, 'С10 ', ' 50/+', NULL, '180.00', 0, 1, '', '', ''),
(1532, 'Thuja occidentalis Anniek', 'Туя Аніек', '', 10, 'С7,5  ', ' 25/30', NULL, '250.00', 0, 1, '', '', ''),
(1533, 'Thuja plicata Kagers Beauty', 'Туя Кагерс бюті', '', 10, 'С10 ', '70/80', NULL, '380.00', 0, 1, '', '', ''),
(1534, 'Thuja occidentalis Miky', 'Туя Міккі', '', 10, 'С10  ', ' 55/60', NULL, '350.00', 0, 1, '', '', ''),
(1535, 'Thuja orientalis Tip Top', 'Туя Тіп-топ', '', 10, 'С7,5  ', 'С7,5  35/40', NULL, '0.00', 0, 1, '', '', ''),
(1536, 'Thuja orientalis Tip Top', 'Туя Тіп-топ', '', 10, 'С7,5  ', ' 35/40', NULL, '255.00', 0, 1, '', '', ''),
(1537, 'Thuja occidentalis Flevoland', 'Туя Флеволенд', '', 10, ' С15 ', '100/120', NULL, '360.00', 0, 1, '', '', ''),
(1538, 'Thuja occidentalis Brabant', 'Туя Брабант ', '', 10, 'ком ', '1,5м', NULL, '450.00', 0, 1, '', '', ''),
(1539, 'Thuja occidentalis Brabant (Ball)', 'Туя Брабант формована шар', '', 10, 'контейнер', '20 л.	', NULL, '450.00', 0, 1, '', '', ''),
(1540, 'Thuja occidentalis Flevoland', 'Туя західна Флеволенд', '', 10, 'С10 ', '75/80', NULL, '255.00', 0, 1, '', '', ''),
(1541, 'Thuja occidentalis Jantar', 'Туя західна Янтар', '', 10, 'С7,5  ', '40/50', NULL, '255.00', 0, 1, '', '', ''),
(1542, 'Thuja occidentalis Brabant', 'Туя західна Брабант', '', 10, 'С5  ', ' 70/+', NULL, '120.00', 0, 1, '', '', ''),
(1543, 'Thuja occidentalis Globosa', 'Туя західна Глобоза', '', 10, 'С30  ', '90/+', NULL, '1050.00', 0, 1, '', '', ''),
(1544, 'Thuja occidentalis Danica', 'Туя західна Даніка', '', 10, 'С10  ', ' 35/40', NULL, '350.00', 0, 1, '', '', ''),
(1545, 'Thuja occidentalis Danica', 'Туя західна Даніка', '', 10, 'С15  ', ' 40/45', NULL, '450.00', 0, 1, '', '', ''),
(1546, 'Thuja occidentalis Danica', 'Туя західна Даніка', '', 10, 'С3 ', '25/+', NULL, '180.00', 0, 1, '', '', ''),
(1547, 'Thuja occidentalis Mirjam', 'Туя західна Міріам', '', 10, 'С3  ', ' 25/+', NULL, '260.00', 0, 1, '', '', ''),
(1548, 'Thuja occidentalis Mr. Bowling Ball', 'Туя західна Містер Боулінг Болл', '', 10, 'С15  ', '  55/65', NULL, '350.00', 0, 1, '', '', ''),
(1687, 'Juniperus conferta Schlager', ' Ялівець конферта Шлагер', '', 10, 'С3  ', '25/30', NULL, '130.00', 0, 1, '', '', ''),
(1686, 'Juniperus sabina Tamaricifolia', 'Ялівець козацький Тамарісціфолія', '', 10, 'С3  ', '30/35', NULL, '130.00', 0, 1, '', '', ''),
(1551, 'Thuja occidentalis Smaragd', 'Туя західна Смарагд', '', 10, 'С10 ', ' 70/80', NULL, '250.00', 0, 1, '', '', ''),
(1552, 'Thuja occidentalis Smaragd', 'Туя західна Смарагд', '', 10, ' С15  ', '100/120', NULL, '350.00', 0, 1, '', '', ''),
(1553, 'Thuja occidentalis Smaragd', 'Туя західна Смарагд', '', 10, ' С3  ', ' 50/+', NULL, '130.00', 0, 1, '', '', ''),
(1554, 'Thuja occidentalis Тiny Tim', 'Туя західна Тіні Тім', '', 10, 'контейнер', 'С10', NULL, '255.00', 0, 1, '', '', ''),
(1555, 'Thuja occidentalis Tiny Tim', 'Туя західна Тіні Тім', '', 10, 'контейнер', 'С15', NULL, '350.00', 0, 1, '', '', ''),
(1556, 'Thuja occidentalis Tiny Tim', 'Туя західна Тіні Тім', '', 10, 'С3  ', '20/+', NULL, '130.00', 0, 1, '', '', ''),
(1557, 'Thuja occidentalis Tiny Tim', 'Туя західна Тіні Тім', '', 10, 'С5  ', ' 30/+', NULL, '160.00', 0, 1, '', '', ''),
(1558, 'Thuja occidentalis Holmstrup', 'Туя західна Хольмструп', '', 10, 'контейнер', 'С10', NULL, '260.00', 0, 1, '', '', ''),
(1559, 'Thuja occidentalis Smaragd', 'Туя західна Смарагд ', '', 10, 'ком ', ' 1,5м', NULL, '550.00', 0, 1, '', '', ''),
(1560, 'Thuja plicata Kagers Beauty', 'Туя складчаста Кагерс Бюті', '', 10, 'С7,5  ', '  50/+', NULL, '220.00', 0, 1, '', '', ''),
(1561, 'Thuja plicata Litll boy', 'Туя складчата Літл Бой', '', 10, 'контейнер', 'С7,5 ', NULL, '210.00', 0, 1, '', '', ''),
(1562, 'Thuja orientalis Aurea Nana', 'Туя східнап Ауреа Нана', '', 10, 'контейнер', 'С10', NULL, '350.00', 0, 1, '', '', ''),
(1563, 'Thuja orientalis Aurea Nana', 'Туя східнап Ауреа Нана', '', 10, 'контейнер', 'С20', NULL, '750.00', 0, 1, '', '', ''),
(1564, 'Thuja orientalis Aurea Nana', 'Туя східнап Ауреа Нана', '', 10, 'С3  ', ' 30/+', NULL, '130.00', 0, 1, '', '', ''),
(1565, 'Picea abies Nidiformis', 'Ялина звичайна Нідіформіc', '', 10, 'С15  ', ' 45/50', NULL, '400.00', 0, 1, '', '', ''),
(1566, 'Picea abies Nidiformis', 'Ялина звичайна Нідіформіс', '', 10, 'С26 ', '50/55', NULL, '460.00', 0, 1, '', '', ''),
(1567, 'Picea abies Nidiformis', 'Ялина звичайна Нідіформіс', '', 10, 'С7,5  ', ' 20/25', NULL, '180.00', 0, 1, '', '', ''),
(1568, 'Picea qlauca Conica', 'Ялина канадська Коніка', '', 10, 'С15  ', '60/70', NULL, '850.00', 0, 1, '', '', ''),
(1569, 'Picea pungens Waldbrunn', 'Ялина колюча Вальдбрун', '', 10, 'С10  ', 'Ра110', NULL, '1500.00', 0, 1, '', '', ''),
(1570, 'Picea pungens Waldbrunn', 'Ялина колюча Вальдбрун', '', 10, 'контейнер', 'С15', NULL, '450.00', 0, 1, '', '', ''),
(1571, 'Juniperus ', 'Ялина на штамбі ', '', 10, 'С10 ', 'Ра70', NULL, '1100.00', 0, 1, '', '', ''),
(1572, 'Picea omorika Karel', 'Ялина сербська Карел', '', 10, 'С15  ', ' 40/50', NULL, '450.00', 0, 1, '', '', ''),
(1573, 'Picea glauca', 'Ялина сиза', '', 10, 'С30  ', '  70/80', NULL, '650.00', 0, 1, '', '', ''),
(1574, 'Juniperus pfitzeriana Blue and Gold', 'Ялівець Блу енд голд', '', 10, 'С7,5  ', ' 45/50', NULL, '180.00', 0, 1, '', '', ''),
(1575, 'Juniperus  Blue Chip', 'Ялівець Блу чіп', '', 10, 'С3  ', '  20/+', NULL, '130.00', 0, 1, '', '', ''),
(1576, 'Juniperus horizontalis Wiltonii', 'Ялівець Вілтоні', '', 10, 'С3  ', '  35/+', NULL, '180.00', 0, 1, '', '', ''),
(1578, '', 'Ялівець Гонгомерата', '', 10, 'С7,5  ', ' 35/40', NULL, '300.00', 0, 1, '', '', ''),
(1579, 'Juniperus pfitzeriana Mordigan Gold', 'Ялівець Мордіган голд', '', 10, ' С3  ', ' 25/+', NULL, '130.00', 0, 1, '', '', ''),
(1580, 'Juniperus communis Spotty Spreader', 'Ялівець Споті спайдер', '', 10, 'С5  ', '35/+', NULL, '180.00', 0, 1, '', '', ''),
(1581, 'Juniperus conferta Schlager', 'Ялівець Шлагер', '', 10, ' С15 ', '60/70', NULL, '380.00', 0, 1, '', '', ''),
(1582, 'Juniperus conferta Schlager', 'Ялівець Шлагер', '', 10, ' С3  ', ' 25/+', NULL, '130.00', 0, 1, '', '', ''),
(1583, 'Juniperus conferta Schlager', 'Ялівець Шлагер', '', 10, ' С5 ', '45/50', NULL, '180.00', 0, 1, '', '', ''),
(1584, 'Juniperus chinensis Expansa Variegata', 'Ялівець Експанса Варєгіата', '', 10, 'С10  ', ' 60/70', NULL, '320.00', 0, 1, '', '', ''),
(1585, 'Juniperus chinensis Expansa Variegata', 'Ялівець Експанса Варєгіата', '', 10, 'контейнер', '15 л. ', NULL, '350.00', 0, 1, '', '', ''),
(1586, 'Juniperus horizontalis Wiltonii', 'Ялівець горизонтальний Вілтоні', '', 10, 'С7,5  ', ' 40/50', NULL, '350.00', 0, 1, '', '', ''),
(1587, 'Juniperus horizontalis Golden Carp', 'Ялівець горизонтальний Голден карпет', '', 10, 'С7,5  ', ' 40/50', NULL, '300.00', 0, 1, '', '', ''),
(1588, 'Juniperus horizontalis Andorra Compact', 'Ялівець горизонтальний Андорра Компакт', '', 10, 'С10 ', ' 50/60', NULL, '300.00', 0, 1, '', '', ''),
(1589, 'Juniperus horizontalis Andorra Compact', 'Ялівець горизонтальний Андорра Компакт', '', 10, 'С5  ', ' 45/50', NULL, '180.00', 0, 1, '', '', ''),
(1590, 'Juniperus horizontalis Glacier', 'Ялівець горизонтальний Гласіер', '', 10, 'контейнер', 'С10', NULL, '300.00', 0, 1, '', '', ''),
(1591, 'Juniperus horizontalis Golden Carpet', 'Ялівець горизонтальний Голден Карпет', '', 10, 'С3  ', '25/+', NULL, '180.00', 0, 1, '', '', ''),
(1592, 'Juniperus horizontalis Prince of Wales', 'Ялівець горизонтальний Принц Уельський', '', 10, 'контейнер', '20 л.	', NULL, '360.00', 0, 1, '', '', ''),
(1593, 'Juniperus communis Meyer', 'Ялівець звичайний Мейер', '', 10, ' С3  ', ' 35/40', NULL, '180.00', 0, 1, '', '', ''),
(1594, 'Juniperus communis Repanda', 'Ялівець звичайний Репанда', '', 10, 'контейнер', '20 л.	', NULL, '400.00', 0, 1, '', '', ''),
(1595, 'Juniperus communis Repanda', 'Ялівець звичайний Репанда', '', 10, ' С3  ', '25/+', NULL, '130.00', 0, 1, '', '', ''),
(1596, 'Juniperus chinensis Stricta', 'Ялівець китайський Стрікта', '', 10, 'С30  ', ' 1-1,2м', NULL, '1100.00', 0, 1, '', '', ''),
(1597, 'Juniperus chinensis Stricta', 'Ялівець китайський Стрікта', '', 10, 'С5  ', '  40/+', NULL, '190.00', 0, 1, '', '', ''),
(1598, 'Juniperus sabina Tamaricifolia', 'Ялівець козацький Тамарісціфолія', '', 10, 'С15  ', '70+', NULL, '380.00', 0, 1, '', '', ''),
(1599, 'Juniperus sabina Tamaricifolia', 'Ялівець козацький Тамарісціфолія', '', 10, 'С26 ', ' 80+', NULL, '650.00', 0, 1, '', '', ''),
(1600, 'Juniperus sabina Tamaricifolia', 'Ялівець козацький Тамарісціфолія', '', 10, 'контейнер', '30 л.', NULL, '550.00', 0, 1, '', '', ''),
(1601, 'Juniperus conferta Schlager', 'Ялівець конферта Шлагер', '', 10, 'контейнер', '26 л.', NULL, '350.00', 0, 1, '', '', ''),
(1602, 'Juniperus procumbens Nana', 'Ялівець лежачий Нана', '', 10, ' С3  ', '  20/+', NULL, '130.00', 0, 1, '', '', ''),
(1603, 'Juniperus procumbens Nana', 'Ялівець лежачий Нана', '', 10, 'С3  ', ' 25/30', NULL, '180.00', 0, 1, '', '', ''),
(1604, 'Juniperus squamata Blue Carpet', 'Ялівець лускатий Блю Карпет', '', 10, 'С10 ', '60/+', NULL, '300.00', 0, 1, '', '', ''),
(1605, 'Juniperus squamata Blue Carpet', 'Ялівець лускатий Блю Карпет', '', 10, 'С3  ', ' 30/+', NULL, '130.00', 0, 1, '', '', ''),
(1607, 'Juniperus squamata Hunnetorp', 'Ялівець лускатий Хунеторп', '', 10, 'контейнер', '26 л.', NULL, '380.00', 0, 1, '', '', ''),
(1608, 'Juniperus squamata Hunnetorp', 'Ялівець лускатий Хунеторп', '', 10, 'контейнер', '30 л.', NULL, '550.00', 0, 1, '', '', ''),
(1609, 'Juniperus ', 'Ялівець на штамбі жовтий ', '', 10, 'С10 ', ' Ра100', NULL, '1100.00', 0, 1, '', '', ''),
(1610, 'Juniperus ', 'Ялівець на штамбі', '', 10, 'С7,5  ', ' Ра80', NULL, '1100.00', 0, 1, '', '', ''),
(1611, 'Juniperus pfitzeriana Goldkissen', 'Ялівець середній Голд Кісен', '', 10, 'С10 ', ' 50/60', NULL, '320.00', 0, 1, '', '', ''),
(1612, 'Juniperus pfitzeriana Goldkissen', 'Ялівець середній Голд Кісен', '', 10, 'контейнер', '15 л. ', NULL, '340.00', 0, 1, '', '', ''),
(1613, 'Juniperus pfitzeriana Goldkissen', 'Ялівець середній Голд Кісен', '', 10, 'С5  ', ' 40/+', NULL, '180.00', 0, 1, '', '', ''),
(1614, 'Juniperus pfitzeriana Mint Julep', 'Ялівець середній Мінт Джулєп', '', 10, 'контейнер', '20 л.	', NULL, '400.00', 0, 1, '', '', ''),
(1615, 'Juniperus pfitzeriana Mint Julep', 'Ялівець середній Мінт Джулєп', '', 10, ' С3  ', '30/+', NULL, '130.00', 0, 1, '', '', ''),
(1616, 'Juniperus pfitzeriana Mint Julep', 'Ялівець середній Мінт Джулєп', '', 10, 'С5  ', '40/+', NULL, '180.00', 0, 1, '', '', ''),
(1617, 'Juniperus pfitzeriana Mint Julep', 'Ялівець середній Мінт Джулєп', '', 10, 'С7,5  ', '50/+', NULL, '255.00', 0, 1, '', '', ''),
(1618, 'Juniperus pfitzeriana Old Gold', 'Ялівець середній Олд Голд', '', 10, 'контейнер', '20 л.	', NULL, '340.00', 0, 1, '', '', ''),
(1619, 'Juniperus scopulorum Blue Arrow', 'Ялівець скельний Блу Арроу ', '', 10, 'контейнер', '15 л. ', NULL, '420.00', 0, 1, '', '', ''),
(1620, 'Juniperus scopulorum Blue Arrow', 'Ялівець скельний Блу Арроу ', '', 10, 'контейнер', '15 л. ', NULL, '420.00', 0, 1, '', '', ''),
(264, 'Aronia ', '	Аронія ', '', 3, '', '	', '		', '325.00', 0, 1, '', '', ''),
(268, 'Berberis ', '	Барбарис \"Атропурпурея\"', '', 3, '	контейнер', '10 л.', '		', '320.00', 0, 1, '', '', ''),
(1434, ' Rosa in.var ', 'Троянда на штамбі', '', 9, 'контейнер', '7,5 л.', NULL, '210.00', 0, 1, '', '', ''),
(1435, ' Rosa scandens ', 'Троянда плетиста', '', 9, 'контейнер', '10 л.', NULL, '190.00', 0, 1, '', '', ''),
(1436, ' Rosa scandens ', 'Троянда плетиста', '', 9, 'контейнер', '5 л.', NULL, '60.00', 0, 1, '', '', ''),
(1437, ' Rosa scandens ', 'Троянда плетиста', '', 9, 'контейнер', '7,5 л.', NULL, '125.00', 0, 1, '', '', ''),
(1438, 'Rosa Cheshunt Hybrid', 'Троянда чайногібридна', '', 9, 'контейнер', '5 л.', NULL, '60.00', 0, 1, '', '', ''),
(1439, 'Rosa in.var', 'Троянда різних сортів', '', 9, '', '2-3р', NULL, '125.00', 0, 1, '', '', ''),
(1432, 'Rosa Ground-Cover ', 'Троянда грунтопокривна', '', 9, 'контейнер', '5 л.', NULL, '60.00', 0, 1, '', '', ''),
(1433, 'Rosa ', 'Троянда на штамбі', '', 9, 'контейнер', '15 л. ', NULL, '550.00', 0, 1, '', '', ''),
(304, 'Deutzia ', '	Дейція', '', 3, 'контейнер', '15 л. ', '		', '285.00', 0, 1, '', '', ''),
(305, 'Deutzia ', '	Дейція', '', 3, 'контейнер', '20 л.	', '		', '380.00', 0, 1, '', '', ''),
(309, 'Deutzia rosea	', '	Дейция розовая	', '', 3, '	контейнер', '3 л.', '		', '75.00', 0, 1, '', '', ''),
(327, 'Hydrangea ', 'Гортензія (кольорова)', '', 3, 'контейнер', '10 л.	', '		', '250.00', 0, 1, '', '', ''),
(328, 'Hydrangea  \"Limelight\"', 'Гортензія Лайм Лайч', '', 3, 'контейнер', '15 л. ', '		', '280.00', 0, 1, '', '', ''),
(332, 'Hydrangea ', '	Гортензия  \"Юнік\"	', '', 3, 'контейнер', '15 л.	', '		', '280.00', 0, 1, '', '', ''),
(338, 'Magnolia ', '	Магнолія', '', 3, 'контейнер', '15 л.	', '		', '350.00', 0, 1, '', '', ''),
(344, 'Magnolia ', 'Манголія Yellow Lantern', '', 3, 'контейнер', '10 л.', '		', '600.00', 0, 1, '', '', ''),
(345, 'Magnolia ', 'Манголія Susan', '', 3, 'контейнер', '7,5 л.		', '		', '600.00', 0, 1, '', '', ''),
(346, 'Magnolia ', '	Магнолія Haven Scent', '', 3, 'контейнер', '10 л.', '		', '600.00', 0, 1, '', '', ''),
(357, 'Philadelphus ', '	Чубушник \"Варгінал\"	', '', 3, '', '', '		', '295.00', 0, 1, '', '', ''),
(377, 'Rhus typhina', '	Сумах ', '', 3, '', '', '		', '350.00', 0, 0, '', '', ''),
(1483, '', 'Каріо', '', 3, 'контейнер', '5 л.', NULL, '120.00', 0, 1, '', '', ''),
(1484, 'Cotoneaster ', 'Кизиловик', '', 3, 'контейнер', '5 л.', NULL, '155.00', 0, 1, '', '', ''),
(1476, 'Wisteria', 'Вістерія', '', 3, 'контейнер', '5 л.', NULL, '154.00', 0, 1, '', '', ''),
(1477, 'Ginkgo biloba', 'Гінкго Білоба', '', 3, '', '', NULL, '350.00', 0, 1, '', '', ''),
(1478, 'Polygonum', 'Горець', '', 3, 'контейнер', '15 л. ', NULL, '210.00', 0, 1, '', '', ''),
(1479, 'Cornus sanguinea', 'Дерен червоний', '', 3, 'контейнер', '20 л.	', NULL, '245.00', 0, 1, '', '', ''),
(1480, 'Viburnum ', 'Калина декоративна Viburnum', '', 3, 'контейнер', '25 л.', NULL, '450.00', 0, 1, '', '', ''),
(1481, 'Viburnum ', 'Калина декоративна ', '', 3, 'контейнер', '25 л.', NULL, '450.00', 0, 1, '', '', ''),
(1447, 'Salix Tortuosa', 'Верба Тртуоза', '', 3, 'контейнер', '10 л.', NULL, '295.00', 0, 1, '', '', ''),
(1448, 'Salix integra Hakuro-Nishiki ', 'Верба Хакуро Нішикі', '', 3, 'контейнер', '7,5 л.', NULL, '325.00', 0, 1, '', '', ''),
(452, 'Catalpa \"Nana\"', '	Катальпа \"Нана\"	', '', 3, 'контейнер', '30 л.', '	(о.с.)	', '3650.00', 0, 1, '', '', ''),
(460, 'Gleditsia ', '	Гледиція	', '', 3, 'контейнер', '20 л.	', '	(о.с.)	', '2550.00', 0, 1, '', '', ''),
(464, 'Liquidamba', 'Ліквідамбар', '', 3, 'контейнер', '15 л. ', '		', '450.00', 0, 1, '', '', ''),
(467, 'Magnolia soulangeana	', 'Манголія soulangeana', '', 3, 'контейнер', '10 л.', '		', '600.00', 0, 1, '', '', ''),
(470, 'Magnolia ', '	Магнолія Betty', '', 3, 'контейнер', '10 л.', '		', '600.00', 0, 1, '', '', ''),
(1497, 'Spiraea ', 'Спірея ', '', 3, 'контейнер', '30 л.', NULL, '450.00', 0, 1, '', '', ''),
(1488, 'Buxus ', 'Самшит шар', '', 3, 'ком', '', NULL, '600.00', 0, 1, '', '', ''),
(1489, 'Buxus semprvirns', 'Самшит вічнозелений ком', '', 3, '', '', NULL, '46.00', 0, 1, '', '', ''),
(1502, 'Fraxinus', 'Ясен', '', 3, 'контейнер', '20 л.	', NULL, '750.00', 0, 1, '', '', ''),
(1482, ' Viburnum', 'Калина ', '', 3, 'контейнер', '25 л.', NULL, '350.00', 0, 1, '', '', ''),
(1449, 'Prunus serrulata', 'Вишні(сакури) на штамбі', '', 3, 'контейнер', '20 л.	', NULL, '2300.00', 0, 1, '', '', ''),
(1688, 'Juniperus procumbens Nana', ' Ялівець лежачий Нана', '', 10, 'С2 ', ' 10/15', NULL, '130.00', 0, 1, '', '', ''),
(1689, 'Juniperus squamata Meyeri Compacta', ' Ялівець лускатий Мейері Компакта', '', 10, 'С2 ', '15/20', NULL, '130.00', 0, 1, '', '', ''),
(1690, 'Juniperus squamata Holger', ' Ялівець лускатий Хольгер', '', 10, 'С2 ', '20/25', NULL, '130.00', 0, 1, '', '', ''),
(1691, 'Juniperus squamata Hunnetorp', ' Ялівець лускатий Хуннеторп', '', 10, 'С3  ', ' 25/30', NULL, '130.00', 0, 1, '', '', ''),
(1692, 'Juniperus pfitzeriana Gold Star', ' Ялівець середній Голд Стар', '', 10, 'С3  ', '15/20', NULL, '130.00', 0, 1, '', '', ''),
(1693, 'Juniperus pfitzeriana King of Spring', ' Ялівець середній Кінг оф Спрінг', '', 10, 'С2 ', ' 20/25', NULL, '130.00', 0, 1, '', '', ''),
(1694, 'Juniperus pfitzeriana Mint Julep', ' Ялівець середній Мінт Джулєп', '', 10, 'С3  ', ' 20/25', NULL, '130.00', 0, 1, '', '', ''),
(1695, 'Juniperus scopulorum Blue Arrow', ' Ялівець скельний Блу Арроу', '', 10, 'C5', '60/80', NULL, '325.00', 0, 1, '', '', ''),
(1696, 'Berberis thunbergii Atropurpurea', ' Барбарис тунберга Атропурпуреа', '', 3, 'С20  ', '80/100', NULL, '750.00', 0, 1, '', '', ''),
(1697, 'Berberis frikartii Amstelveen', ' Барбарис фрикарта Амстелвен', '', 3, 'С2 ', ' 20/25', NULL, '105.00', 0, 1, '', '', ''),
(1699, 'Euonymus fortunei Emerald Gaiety ', ' Бересклет форчуна Емеральд Гаєті', '', 3, 'С3  ', ' 25/30', NULL, '96.00', 0, 1, '', '', ''),
(1700, 'Sambucus nigra Aurea', ' Бузина чорна Ауреа', '', 3, ' С2 ', '15/20', NULL, '71.00', 0, 1, '', '', ''),
(1701, 'Weigela Victoria', ' Вейгела Вікторія', '', 3, 'С3  ', ' 25/30', NULL, '96.00', 0, 1, '', '', ''),
(1702, 'Weigela  Red  Princes ', ' Вейгела Ред Прінс', '', 3, 'С3  ', ' 25/30', NULL, '96.00', 0, 1, '', '', ''),
(1703, 'Weigela Tango', ' Вейгела Танго', '', 3, 'С2 ', ' 25/30', NULL, '96.00', 0, 1, '', '', ''),
(1704, 'Weigela Brigella', ' Вейгела квітуча Брігелла', '', 3, 'С2 ', ' 30/40', NULL, '96.00', 0, 1, '', '', ''),
(1705, 'Weigela florida Alexandra', ' Вейгела квітуча Александра', '', 3, 'С2 ', '30/40', NULL, '96.00', 0, 1, '', '', ''),
(1706, 'Weigela florida Alexandra', ' Вейгела квітуча Александра', '', 3, 'С7,5  ', '40/50', NULL, '220.00', 0, 1, '', '', ''),
(1707, 'Weigela florida Elvera', ' Вейгела квітуча Ельвера', '', 3, 'С3  ', '10/15', NULL, '96.00', 0, 1, '', '', ''),
(1708, 'Weigela florida Elvera', ' Вейгела квітуча Ельвера', '', 3, 'С7.5', ' 15/20', NULL, '220.00', 0, 1, '', '', ''),
(1709, 'Weigela florida Minor Black', ' Вейгела квітуча Мінор Блек', '', 3, 'С3  ', '15/20', NULL, '96.00', 0, 1, '', '', ''),
(1710, 'Weigela florida Nana Purpurea', ' Вейгела квітуча Нана Пурпуреа', '', 3, 'С3  ', ' 25/30', NULL, '96.00', 0, 1, '', '', ''),
(1711, 'Weigela florida Pink Poppet', ' Вейгела квітуча Пінк Поппет', '', 3, 'С3  ', ' 20/25', NULL, '96.00', 0, 1, '', '', ''),
(1712, 'Weigela florida Sunny Princess', ' Вейгела квітуча Санні Прінцесс', '', 3, 'С3  ', '30/40', NULL, '96.00', 0, 1, '', '', ''),
(1713, 'Weigela florida Pink Poppet', ' Вейгела квітуча Пінк Поппет', '', 3, 'С5  ', ' 25/30', NULL, '145.00', 0, 1, '', '', ''),
(1714, 'Salix integra Hakuro-nishiki', ' Верба цільнолиста Хакуро-Нішикі', '', 3, '', 'Ра130', NULL, '325.00', 0, 1, '', '', ''),
(1715, 'Salix integra Hakuro-nishiki', ' Верба цільнолиста Хакуро-Нішикі', '', 3, '', 'Ра80', NULL, '240.00', 0, 1, '', '', ''),
(1716, 'Salix integra Hakuro-nishiki', ' Верба цільнолиста Хакуро-Нішикі', '', 3, 'С3  ', ' 30/40', NULL, '96.00', 0, 1, '', '', ''),
(1717, 'Hydrangea macrophylla Bodensee', ' Гортензія крупнолиста Боденсей', '', 3, 'С20  ', '50/60', NULL, '3800.00', 0, 1, '', '', ''),
(1718, 'Hydrangea paniculata Limelaght', ' Гортензія мітлоподібна Лаймлайт', '', 3, 'С3  ', '30/+', NULL, '140.00', 0, 1, '', '', ''),
(1719, 'Hydrangea paniculata Pinky Ledy', ' Гортензія мітлоподібна Пінк Леді', '', 3, 'С3  ', ' 25/30', NULL, '140.00', 0, 1, '', '', ''),
(1720, 'Cotoneaster suecicus Coral Beauty', ' Кизильник гібридний Корал Бьюті', '', 3, 'С3  ', ' 25/30', NULL, '71.00', 0, 1, '', '', ''),
(1721, 'Cotoneaster suecicus Skogholm', ' Кизильник гібридний Скохолм', '', 3, 'С2 ', ' 25/30', NULL, '71.00', 0, 1, '', '', ''),
(1722, 'Cotoneaster radicans Eichholz', ' Кизильник даммера Айхгольц', '', 3, 'С3  ', '25/30', NULL, '71.00', 0, 1, '', '', ''),
(1723, 'Potentilla fruticosa Jackmans Variеty', ' Перстач чагарниковий Джекманс Верайті', '', 3, 'С3  ', '25/30', NULL, '96.00', 0, 1, '', '', ''),
(1724, 'Potentilla fruticosa Elizabeth', ' Перстач чагарниковий Елізабет', '', 3, 'С3  ', ' 25/30', NULL, '96.00', 0, 1, '', '', ''),
(1725, 'Potentilla fruticosa Living Daylight', ' Перстач чагарниковий Лівінг Дейлайт', '', 3, 'С2 ', '20/25', NULL, '71.00', 0, 1, '', '', ''),
(1726, 'Potentilla fruticosa Mount Everest', ' Перстач чагарниковий Моунт Еверест', '', 3, ' С3  ', '25/30', NULL, '96.00', 0, 1, '', '', ''),
(1727, 'Potentilla fruticosa Primrose Beauty', ' Перстач чагарниковий Праймроуз Бьюті', '', 3, 'С3  ', ' 30/35', NULL, '96.00', 0, 1, '', '', ''),
(1728, 'Buxus microphylla Faulkner', ' Самшит дрібнолистий Фолкнер', '', 3, 'Р13 ', ' 20/25', NULL, '58.00', 0, 1, '', '', ''),
(1729, 'Buxus microphylla Faulkner', ' Самшит дрібнолистий Фолкнер', '', 3, 'С15  ', '35/40 куля', NULL, '525.00', 0, 1, '', '', ''),
(1730, 'Buxus microphylla Faulkner', ' Самшит дрібнолистий Фолкнер', '', 3, 'С2 ', '25/30', NULL, '71.00', 0, 1, '', '', ''),
(1731, 'Spiraea arguta', ' Спірея аргута ', '', 3, 'С2 ', ' 20/25', NULL, '71.00', 0, 1, '', '', ''),
(1732, 'Spiraea japonica Goldmaund', ' Спірея японська Голдмоунд', '', 3, ' С2 ', '20/25', NULL, '71.00', 0, 1, '', '', ''),
(1733, 'Spiraea japonica Goldflame', ' Спірея японська Голдфлейм', '', 3, 'С2 ', '20/25', NULL, '71.00', 0, 1, '', '', ''),
(1734, 'Spiraea japonica Dart`s Red', ' Спірея японська Дартс Ред', '', 3, 'С5  ', ' 30/40', NULL, '146.00', 0, 1, '', '', ''),
(1735, 'Spiraea japonica Little Princess', ' Спірея японська Літтл Принцес', '', 3, 'С2 ', ' 20/25', NULL, '71.00', 0, 1, '', '', ''),
(1736, 'Spiraea japonica Little Princess', ' Спірея японська Літтл Принцес', '', 3, 'С5  ', '30/40', NULL, '146.00', 0, 1, '', '', ''),
(1737, 'Spiraea japonica Sundrop', ' Спірея японська Сандроп', '', 3, 'С2 ', ' 20/25', NULL, '113.00', 0, 1, '', '', ''),
(1738, 'Spiraea japonica Sundrop', ' Спірея японська Сандроп', '', 3, 'С7,5  ', '30/40', NULL, '258.00', 0, 1, '', '', ''),
(1739, 'Rhus typhina Dissecta', ' Сумах диссекта', '', 3, 'С7.5 ', '60/80', NULL, '217.00', 0, 1, '', '', ''),
(1740, 'Malus Arbat', ' Яблуня колоновидна Арбат', '', 3, 'контейнер', '7 л.', NULL, '146.00', 0, 1, '', '', ''),
(1741, 'Spiraea thunbergii', 'Спірея тунберга ', '', 3, 'С3  ', ' 25/30', NULL, '96.00', 0, 1, '', '', ''),
(1742, '', 'Смородина цв. Чудесная', '', 4, '', '', NULL, '10.00', 0, 1, '', '', ''),
(1743, '', 'Смородина цв.Импер. жовта в/с', '', 4, '', '', NULL, '16.00', 0, 1, '', '', ''),
(1744, '', 'Смор/цв. Белая Смоляниновой в/с', '', 4, '', '', NULL, '16.00', 0, 1, '', '', ''),
(1624, 'Thuja occidentalis Globosa', ' Туя західна Глобоза', '', 10, 'С10 ', '25/30', NULL, '325.00', 0, 1, '', '', ''),
(1625, 'Ginkgo biloba', ' Гінкго дволопатеве ', '', 10, 'С7 ', '80/100', NULL, '375.00', 0, 1, '', '', ''),
(1626, 'Weigela florida Rosea', ' Вейгела квітуча Розеа', '', 10, 'С3  ', '25/30', NULL, '96.00', 0, 1, '', '', ''),
(1627, 'Prunus serrulata Amanogawa', 'Вишня (сакура) дрібнопильчата Амоногава', '', 3, 'С35', '175/200', NULL, '3250.00', 0, 1, '', '', ''),
(1628, 'Gleditsia triacanthos Sunburst', ' Гледиця триколючкова Санбарст', '', 3, 'С20', '200/250', NULL, '2750.00', 0, 1, '', '', ''),
(1629, 'Hydrangea paniculata Unique', ' Гортензія мітлоподібна Юнік', '', 3, 'С5  ', '35/40', NULL, '146.00', 0, 1, '', '', ''),
(1630, 'Laburnum alpinum', 'Золотий альпійський дощ ', '', 3, 'С12 ', ' 140/160', NULL, '400.00', 0, 1, '', '', ''),
(1631, 'Amelanchier arborea Robin Hill', ' Ірга деревоподібна Робін Хілл', '', 3, 'С20  ', '8-10 НО', NULL, '2750.00', 0, 1, '', '', ''),
(1632, 'Gymnocladus diocia', ' Кавове дерево кентукське ', '', 3, 'С25 ', ' 200/225', NULL, '660.00', 0, 1, '', '', ''),
(1633, 'Catalpa speciosa', ' Катальпа північна ', '', 3, 'С60 ', '250/300', NULL, '1300.00', 0, 1, '', '', ''),
(1634, 'Tilia cordata Greenspire', 'Липа серцелиста Грінспайер', '', 3, 'С20  ', '8-10 НО', NULL, '2750.00', 0, 1, '', '', ''),
(1635, 'Tilia platyphyllos', ' Липа широколиста ', '', 3, 'С20  ', '8-10 НО', NULL, '1100.00', 0, 1, '', '', ''),
(1636, 'Rhus typhina', 'Сумах пухнастий ', '', 3, 'С20  ', '100/120', NULL, '333.00', 0, 1, '', '', ''),
(1637, 'Rhus typhina', 'Сумах пухнастий ', '', 3, 'С15  ', '100/+', NULL, '315.00', 0, 1, '', '', ''),
(1638, 'Malus Royalty', 'Яблуня Роялті', '', 3, 'С60 ', '200/250', NULL, '1750.00', 0, 1, '', '', ''),
(1639, '', 'Голубика Бригитта Блю-2', '', 4, '1л', '', NULL, '40.00', 0, 1, '', '', ''),
(1640, '', 'Голубика Герберт', '', 4, '1л', '', NULL, '40.00', 0, 1, '', '', ''),
(1641, '', 'Голубика Дюк', '', 4, '1л', '', NULL, '40.00', 0, 1, '', '', ''),
(1642, '', 'Голубика Дюк', '', 4, '1л', '', NULL, '40.00', 0, 1, '', '', ''),
(1643, '', 'Голубика Нортленд', '', 4, '0,5л', '', NULL, '30.00', 0, 1, '', '', ''),
(1644, '', 'Голубика Река', '', 4, '1л', '', NULL, '40.00', 0, 1, '', '', ''),
(1645, '', 'Голубика Чандлер', '', 4, '0,5л', '', NULL, '30.00', 0, 1, '', '', ''),
(1646, '', 'Голубика Шантаклер', '', 4, '1л.', '', NULL, '40.00', 0, 1, '', '', ''),
(1647, '', 'Голубика Ерли Блу', '', 4, '', '', NULL, '40.00', 0, 1, '', '', ''),
(1648, '', 'Єжевика Оркан', '', 4, '2л.', '', NULL, '42.00', 0, 1, '', '', ''),
(1649, '', 'Єжевика Торн Фри', '', 4, '2л.', '', NULL, '42.00', 0, 1, '', '', ''),
(1650, '', 'Жимолость Фиолент', '', 4, '1л.', '', NULL, '34.00', 0, 1, '', '', ''),
(1651, '', 'Жимолость Медведица', '', 4, '1л.', '', NULL, '34.00', 0, 1, '', '', ''),
(1652, '', 'Жимолость Медведица', '', 4, '1л.', '', NULL, '34.00', 0, 1, '', '', ''),
(1653, '', 'Жимолость Голубое Веретено', '', 4, '1л.', '', NULL, '34.00', 0, 1, '', '', ''),
(1654, '', 'Абрикос Шлор Циран', '', 4, '', '', NULL, '45.00', 0, 1, '', '', ''),
(1655, '', 'Абрикос Лучистий сер.', '', 4, '', '', NULL, '45.00', 0, 1, '', '', ''),
(1656, '', 'Вишня Тургеневка', '', 4, '', '', NULL, '45.00', 0, 1, '', '', ''),
(1657, '', 'Чудо вишня рання', '', 4, '', '', NULL, '45.00', 0, 1, '', '', ''),
(1658, '', 'Персик Донецький жовтий', '', 4, '', '', NULL, '50.00', 0, 1, '', '', ''),
(1659, '', 'Персик Инжирний Сатурн сер.', '', 4, '', '', NULL, '50.00', 0, 1, '', '', ''),
(1660, '', 'Персик Флеменг Фьюри пізн.', '', 4, '', '', NULL, '50.00', 0, 1, '', '', ''),
(1661, 'Slyva', 'Слива Голливуд', '', 4, '', '', '', '60.00', 0, 1, '', 'Купити рослини Самшиту ', ''),
(1662, '', 'Слива Озарк Премьер ран.', '', 4, '', '', NULL, '50.00', 0, 1, '', '', ''),
(1663, '', 'Черешня Крупноплідна піз.', '', 4, '', '', NULL, '45.00', 0, 1, '', '', ''),
(1664, '', 'Черешня Донецький уголек', '', 4, '', '', NULL, '45.00', 0, 1, '', '', ''),
(1665, '', 'Черешня Васелиса', '', 4, '', '', NULL, '45.00', 0, 1, '', '', ''),
(1666, '', 'Черешня Бигаро бурлат', '', 4, '', '', NULL, '45.00', 0, 1, '', '', ''),
(1667, '', 'Черешня Приусадебная ран.', '', 4, '', '', NULL, '45.00', 0, 1, '', '', ''),
(1668, '', 'Черешня Регіна пізн.', '', 4, '', '', NULL, '45.00', 0, 1, '', '', ''),
(1669, '', 'Яблуня Антоновка', '', 4, '', '', NULL, '45.00', 0, 1, '', '', ''),
(1670, '', 'Яблуня Райка Долго', '', 4, '', '', NULL, '45.00', 0, 1, '', '', ''),
(1671, 'Larix decidua', 'Модрина європейська', '', 10, 'С3  ', ' 30/40', NULL, '130.00', 0, 1, '', '', ''),
(1672, 'Pinus mugo pumilio', 'Сосна гірська пуміліо ', '', 10, ' С2 ', '15/20', NULL, '130.00', 0, 1, '', '', ''),
(1673, 'Taxus cuspidata Nana', ' Тис гострокінцевий ', '', 10, ' С2 ', '25/+', NULL, '165.00', 0, 1, '', '', ''),
(1674, 'Taxus media Brownii', ' Тис середній Бровнії', '', 10, 'С2 ', '30/35', NULL, '165.00', 0, 1, '', '', ''),
(1675, 'Tsuga canadensis Jeddeloh', ' Тсуга канадська Джеделох', '', 4, 'С2 ', ' 15/20', NULL, '130.00', 0, 1, '', '', ''),
(1676, 'Thuja occidentalis Globosa', 'Туя західна Глобоза', '', 4, 'С3  ', '15/20', NULL, '130.00', 0, 1, '', '', ''),
(1677, 'Thuja occidentalis Danica', ' Туя західна Даніка', '', 10, 'С2 ', '15/20', NULL, '130.00', 0, 1, '', '', ''),
(1678, 'Thuja occidentalis Smaragd', 'Туя західна Смарагд', '', 10, 'С3  ', '30/40', NULL, '130.00', 0, 1, '', '', ''),
(1679, 'Picea abies Tompa', 'Ялина звичайна Томпа', '', 2, 'С3  ', '15/20', '', '165.00', 0, 1, '', '', ''),
(1680, 'Picea pungens Waldbrunn', ' Ялина колюча Вальдбрум', '', 10, 'С3  ', '15/20', NULL, '215.00', 0, 1, '', '', ''),
(1681, 'Juniperus virginiana Hetz', 'Ялівець віргінський Хетц', '', 10, ' С2', '25/30', NULL, '130.00', 0, 1, '', '', ''),
(1682, 'Juniperus horizontalis Wiltonii', ' Ялівець горизонтальний Вілтонії', '', 10, 'С3  ', '25/30', NULL, '130.00', 0, 1, '', '', ''),
(1683, 'Juniperus horizontalis Golden Carpet', 'Ялівець горизонтальний Голден Карпет', '', 10, 'С2 ', '10/15', NULL, '130.00', 0, 1, '', '', ''),
(1684, 'Juniperus horizontalis Jade River', ' Ялівець горизонтальний Джейд Рівер', '', 10, ' С2 ', ' 10/15', NULL, '130.00', 0, 1, '', '', ''),
(1685, 'Juniperus horizontalis Prince of Wales', ' Ялівець горизонтальний Принц Уельський', '', 10, 'С2 ', '20/25', NULL, '130.00', 0, 1, '', '', ''),
(803, 'Berberis  \"Maria\"', 'Барбарис  \"Марія\"  ', '', 3, 'контейнер', '7,5 л.', NULL, '285.00', 0, 1, '', '', ''),
(838, 'Catalpa \"Nana\"', 'Катальпа  \"Нана\"  ', '', 3, 'ком', '2,2 м', NULL, '6200.00', 0, 1, '', '', ''),
(1428, ' Rosa The Fairy', 'Троянда \"Зе Фейрі\"', '', 9, 'контейнер', '2 л.', NULL, '71.00', 0, 1, '', '', ''),
(1429, 'Rosa anglicus', 'Троянда англійська', '', 9, 'контейнер', '5 л.', NULL, '60.00', 0, 1, '', '', ''),
(1431, 'Rosa cælaturis', 'Троянда бордюрна', '', 9, 'контейнер', '5 л.', NULL, '60.00', 0, 1, '', '', ''),
(1464, 'Berberis  Atropurpurea', 'Барбарис  Atropurpurea', '', 3, 'контейнер', '2 л.', NULL, '188.00', 0, 1, '', '', ''),
(1465, 'Berberis ', 'Барбарис  ', '', 3, 'контейнер', '2 л.', NULL, '96.00', 0, 1, '', '', ''),
(1466, 'Berberis  Orange Rockt', 'Барбарис  Orange Rockt', '', 3, 'контейнер', '3 л.', NULL, '188.00', 0, 1, '', '', ''),
(1467, 'Berberis Orange Rockt', 'Барбарис  Orange Rockt', '', 3, 'контейнер', '2 л.', NULL, '185.00', 0, 1, '', '', ''),
(1468, 'Berberis Orange Rockt', 'Барбарис  Orange Rockt', '', 3, 'контейнер', '7,5 л.', NULL, '285.00', 0, 1, '', '', ''),
(1469, 'Berberis thunbergii Powwow', 'Барбарис  Powwon', '', 3, 'контейнер', '7,5 л.', NULL, '285.00', 0, 1, '', '', ''),
(1470, 'Berberis  Tiny Gold', 'Барбарис  Tinny Gold', '', 3, 'контейнер', '2 л.', NULL, '188.00', 0, 1, '', '', ''),
(1471, 'Weigela ', 'Вейгелла', '', 3, 'контейнер', '15 л. ', NULL, '255.00', 0, 1, '', '', ''),
(1472, 'Weigela ', 'Вейгелла', '', 3, 'контейнер', '10 л.', NULL, '175.00', 0, 1, '', '', ''),
(1473, 'Weigela ', 'Вейгелла', '', 3, 'контейнер', '2 л.', NULL, '71.00', 0, 1, '', '', ''),
(888, 'Euonumus ', 'Бересклет ', '', 3, 'контейнер', '5 л. ', NULL, '100.00', 0, 1, '', '', ''),
(892, 'Forsuthia ', 'Форзиція', '', 3, '', '', NULL, '920.00', 0, 1, '', '', ''),
(893, 'Forsuthia ', 'Форзиція', '', 3, 'контейнер', '15 л. ', NULL, '320.00', 0, 1, '', '', ''),
(894, 'Forsuthia ', 'Форзиція', '', 3, 'контейнер', '30 л. ', NULL, '920.00', 0, 1, '', '', ''),
(913, 'Forsuthia ', 'Форзиція ', '', 3, 'контейнер', '50 л.', NULL, '1050.00', 0, 0, '', '', ''),
(917, 'Fraxinus ', 'Ясен', '', 3, 'контейнер', '20 л.	', NULL, '750.00', 0, 1, '', '', ''),
(934, 'Hydrangea  \"Limelight\"', 'Гортензія Лайм Лайч', '', 3, 'контейнер', '10 л.', NULL, '150.00', 0, 1, '', '', ''),
(935, 'Hydrangea  \"Unigue\"', 'Гортензия  \"Юнік\"  ', '', 3, 'контейнер', '40 л.', NULL, '650.00', 0, 1, '', '', ''),
(936, 'Hydrangea  \"Unigue\"', 'Гортензия  \"Юнік\"  ', '', 3, 'контейнер', '20 л.	', NULL, '480.00', 0, 1, '', '', ''),
(949, 'Lonicera  \"Belgica Select\"', 'Жимолость в \"Белхика Селект\"  ', '', 3, 'контейнер', '10 л.', NULL, '120.00', 0, 1, '', '', ''),
(950, 'Lonicera ', 'Жимолость ', '', 3, 'контейнер', '7,5 л.', NULL, '210.00', 0, 1, '', '', ''),
(958, 'Magnolia stellata Royal Star', 'Манголія Royal Star', '', 3, 'контейнер', '10 л.', NULL, '600.00', 0, 0, '', '', ''),
(994, 'Populus', 'Тополь ', '', 3, 'контейнер', '7,5 л.', NULL, '175.00', 0, 0, '', '', ''),
(1025, 'Prunus serrulata', 'Вишні декоративні', '', 3, 'контейнер', '30 л.', NULL, '1500.00', 0, 0, '', '', ''),
(1034, 'Quercus robur', 'Дуб звичайний', '', 3, 'контейнер', '20 л.	', NULL, '575.00', 0, 1, '', '', ''),
(1048, 'Sorbus', 'Рябіна', '', 3, 'контейнер', '20 л.	', NULL, '575.00', 0, 1, '', '', ''),
(1501, 'Stephanandra ', 'Стефанадра', '', 3, 'контейнер', '5 л.', NULL, '110.00', 0, 1, '', '', ''),
(1500, 'Spiraea  Tor', 'Спірея Тор', '', 3, 'контейнер', '3 л.', NULL, '75.00', 0, 1, '', '', ''),
(1498, 'Spiraea ', 'Спірея ', '', 3, 'контейнер', '50 л.', NULL, '510.00', 0, 1, '', '', ''),
(1499, 'Spiraea  Sundrop', 'Спірея Сандроп', '', 3, 'контейнер', '2 л.', NULL, '115.00', 0, 1, '', '', ''),
(1495, 'Spiraea', 'Спірея ', '', 3, 'контейнер', '2 л.', NULL, '75.00', 0, 1, '', '', ''),
(1496, 'Spiraea ', 'Спірея ', '', 3, 'контейнер', '3 л.', NULL, '140.00', 0, 1, '', '', ''),
(1494, 'Spiraea Goldflame', 'Спірея Голдфлейм', '', 3, 'контейнер', '2 л.', NULL, '70.00', 0, 1, '', '', ''),
(1490, 'Buxus sempervirens ', 'Самшит конус ', '', 3, 'ком', '', NULL, '600.00', 0, 1, '', '', ''),
(1491, 'Buxus sempervirens ', 'Самшит конус ', '', 3, 'контейнер', '26 л.', NULL, '950.00', 0, 1, '', '', ''),
(1492, 'Spiraea  vanhouttei', 'Спірея Вангутта', '', 3, 'контейнер', '10 л.', NULL, '225.00', 0, 1, '', '', ''),
(1493, 'Spiraea vanhouttei', 'Спірея Вангутта', '', 3, 'контейнер', '2 л.', NULL, '71.00', 0, 1, '', '', ''),
(1485, '', 'Корнізон', '', 3, 'контейнер', '10 л.', NULL, '154.00', 0, 1, '', '', ''),
(1486, 'Pachysandra', 'Пахісандра', '', 3, 'контейнер', '2 л.', NULL, '50.00', 0, 1, '', '', ''),
(1452, 'Acer  Globosum', 'Клен Глобозум', '', 3, 'ком', '2,5 м', NULL, '6200.00', 0, 1, '', '', ''),
(1453, 'Larix decidua', 'Ліствініца європейська ', '', 3, 'контейнер', '10 л.', NULL, '265.00', 0, 1, '', '', ''),
(1459, 'Berberis ', 'Барбарис(жовт)карликовий', '', 3, 'контейнер', '2 л.', NULL, '185.00', 0, 1, '', '', ''),
(1460, 'Berberis thunbergii ', 'Барбарис(жовтий)', '', 3, 'контейнер', '3 л.', NULL, '185.00', 0, 1, '', '', ''),
(1487, 'Potentilla Living Daylight', 'Перстач Лівінгдепалайт', '', 3, 'контейнер', '2 л.', NULL, '71.00', 0, 1, '', '', ''),
(1456, 'Corylus ', 'Фундук веретено под.', '', 3, 'контейнер', '30 л.', NULL, '1250.00', 0, 1, '', '', ''),
(1457, 'Corylus ', 'Фундук', '', 3, 'контейнер', '25 л.', NULL, '800.00', 0, 1, '', '', ''),
(1458, 'Berberis Tinny Gold', 'Барбарис Tinny Gold', '', 3, 'контейнер', '7,5 л.', NULL, '458.00', 0, 1, '', '', ''),
(1454, 'Larix decidua ', 'Ліствініца на штамбі', '', 3, 'контейнер', '10 л.', NULL, '1100.00', 0, 1, '', '', ''),
(1455, 'Pinus  Stam', 'Сосна на штамбі', '', 3, '', '1,5 м', NULL, '1100.00', 0, 1, '', '', ''),
(1450, 'cherry blossom sakura', 'Декор.Черешені(сакури)', '', 3, 'контейнер', '30 л.', NULL, '2300.00', 0, 1, '', '', ''),
(1451, 'Amelanchier arborea Robin Hill', 'Ірга Робін Хілл', '', 3, 'контейнер', '20 л.	', NULL, '2500.00', 0, 1, '', '', ''),
(1462, 'Berberis ', 'Барбарис  ', '', 3, 'контейнер', '7,5 л.', NULL, '458.00', 0, 1, '', '', ''),
(1463, 'Berberis thunbergii ', 'Барбарис(червон.) карликовий', '', 3, 'контейнер', '3 л.', NULL, '188.00', 0, 1, '', '', ''),
(1186, '', 'Яблуня Аскольда', '', 4, 'контейнер', '10 л.', NULL, '150.00', 0, 1, '', '', ''),
(1188, '', 'Яблуня Едера', '', 4, 'контейнер', '10 л.', NULL, '150.00', 0, 1, '', '', ''),
(1189, '', 'Яблуня Глостер', '', 4, 'контейнер', '10 л.', NULL, '150.00', 0, 1, '', '', ''),
(1190, '', 'Яблуня Декоста', '', 4, 'контейнер', '25 л.', NULL, '350.00', 0, 1, '', '', ''),
(1192, '', 'Яблуня Рубінстар', '', 4, 'контейнер', '10 л.', NULL, '150.00', 0, 1, '', '', ''),
(1193, '', 'Яблуня Еліста', '', 4, 'контейнер', '10 л.', NULL, '150.00', 0, 1, '', '', ''),
(1393, '', 'Ароня ', '', 4, 'контейнер', '25 л.', NULL, '280.00', 0, 1, '', '', ''),
(1195, '', 'Яблуня Мутцу', '', 4, 'контейнер', '10 л.', NULL, '80.00', 0, 1, '', '', ''),
(1200, '', 'Яблуня Лігонад', '', 4, 'контейнер', '10 л.', NULL, '150.00', 0, 1, '', '', ''),
(1201, '', 'Яблуня Айдаред', '', 4, 'контейнер', '10 л.', NULL, '150.00', 0, 1, '', '', ''),
(1183, '', 'Яблуня Горец', '', 4, 'контейнер', '10 л.', NULL, '80.00', 0, 1, '', '', ''),
(1207, '', 'Яблуня Колоновидна', '', 4, 'контейнер', '10 л.', NULL, '200.00', 0, 1, '', '', ''),
(1208, '', 'Яблуня Канділь Сінар', '', 4, 'контейнер', '10 л.', NULL, '150.00', 0, 1, '', '', ''),
(1211, '', 'Яблуня Еліза', '', 4, 'контейнер', '10 л.', NULL, '80.00', 0, 1, '', '', ''),
(1212, '', 'Яблуня Гала', '', 4, 'контейнер', '10 л.', NULL, '80.00', 0, 1, '', '', ''),
(1427, '', 'Яблуня Ріхард', '', 4, 'контейнер', '10 л.', NULL, '80.00', 0, 1, '', '', ''),
(1426, '', 'Яблуня Монтуан', '', 4, 'контейнер', '10 л.', NULL, '80.00', 0, 1, '', '', ''),
(1425, '', 'Яблуня Майрак', '', 4, 'контейнер', '7,5 л.', NULL, '150.00', 0, 1, '', '', ''),
(1218, '', 'Груша Киргизька ', '', 4, 'контейнер', '10 л.', NULL, '100.00', 0, 1, '', '', ''),
(1424, '', 'Яблуня Ліберті', '', 4, 'контейнер', '10 л.', NULL, '80.00', 0, 1, '', '', ''),
(1423, '', 'Яблуня Заяча мордочка', '', 4, 'контейнер', '10 л.', NULL, '150.00', 0, 1, '', '', ''),
(1422, '', 'Яблуня Ерлі Женева', '', 4, 'контейнер', '7,5 л.', NULL, '80.00', 0, 1, '', '', ''),
(1421, '', 'Яблуня Діскавері', '', 4, 'контейнер', '10 л.', NULL, '80.00', 0, 1, '', '', ''),
(1229, '', 'Слива Президент', '', 4, 'контейнер', '7,5 л.', NULL, '80.00', 0, 1, '', '', ''),
(1230, '', 'Слива Кабардінка', '', 4, 'контейнер', '7,5 л.', NULL, '100.00', 0, 1, '', '', ''),
(1420, '', 'Яблуня Горец', '', 4, 'контейнер', '10 л.', NULL, '80.00', 0, 1, '', '', ''),
(1419, '', 'Яблуня  Вістабела ', '', 4, 'контейнер', '10 л.', NULL, '150.00', 0, 1, '', '', ''),
(1235, '', 'Яблуня Симеренко', '', 4, 'контейнер', '10 л.', NULL, '80.00', 0, 1, '', '', ''),
(1237, '', 'Яблуня Майрак', '', 4, 'контейнер', '10 л.', NULL, '150.00', 0, 1, '', '', ''),
(1240, '', 'Яблуня Флоріна', '', 4, 'контейнер', '10 л.', NULL, '80.00', 0, 1, '', '', ''),
(1418, '', 'Яблуня Амбаст', '', 4, 'контейнер', '10 л.', NULL, '150.00', 0, 1, '', '', ''),
(1417, '', 'Яблуня \"Боравиця(дежда)\"', '', 4, 'голий корінь', '', NULL, '60.00', 0, 1, '', '', ''),
(1416, '', 'Фундук', '', 4, 'контейнер', '2 л.', NULL, '55.00', 0, 1, '', '', ''),
(1415, '', 'Суниця (зімляніка)', '', 4, '', '', NULL, '30.00', 0, 1, '', '', ''),
(1414, '', 'Смородина Легенда', '', 4, 'контейнер', '3 л.', NULL, '35.00', 0, 1, '', '', ''),
(1413, '', 'Слива Чичанська', '', 4, 'контейнер', '7,5 л.', NULL, '80.00', 0, 1, '', '', ''),
(1412, '', 'Слива Чичанська', '', 4, 'контейнер', '10 л.', NULL, '150.00', 0, 1, '', '', ''),
(1411, '', 'Слива Чак-чак', '', 4, 'контейнер', '10 л.', NULL, '90.00', 0, 1, '', '', ''),
(1410, '', 'Слива Хернас', '', 4, 'контейнер', '10 л.', NULL, '90.00', 0, 1, '', '', ''),
(1409, '', 'Слива Стенлей', '', 4, 'контейнер', '7,5 л.', NULL, '80.00', 0, 1, '', '', ''),
(1408, '', 'Слива \"Блек Амбер\"', '', 4, 'контейнер', '10 л.', NULL, '120.00', 0, 1, '', '', ''),
(1407, '', 'Слива \"Імперіал епінез\"', '', 4, 'контейнер', '7,5 л.', NULL, '100.00', 0, 1, '', '', ''),
(1260, '', 'Слива Стенлей', '', 4, 'контейнер', '10 л.', NULL, '150.00', 0, 1, '', '', ''),
(1262, '', 'Слива Кабардінка', '', 4, 'голий корінь', '10 л.', NULL, '60.00', 0, 1, '', '', ''),
(1406, '', 'Слива \"Исполинка\"', '', 4, 'контейнер', '7,5 л.', NULL, '100.00', 0, 1, '', '', ''),
(1266, '', 'Груша Старокримська ', '', 4, 'контейнер', '7,5 л.', NULL, '100.00', 0, 1, '', '', ''),
(1267, '', 'Яблуня Перлина Києва', '', 4, 'контейнер', '10 л.', NULL, '80.00', 0, 1, '', '', ''),
(1405, '', 'Поричка', '', 4, 'контейнер', '3 л.', NULL, '40.00', 0, 1, '', '', ''),
(1404, '', 'Персик \"Ерлі майкрест\"', '', 4, 'контейнер', '7,5 л.', NULL, '120.00', 0, 1, '', '', ''),
(1272, '', 'Яблуня Теремок ', '', 4, 'контейнер', '10 л.', NULL, '80.00', 0, 1, '', '', ''),
(1276, '', 'Яблуня Топаз', '', 4, 'контейнер', '10 л.', NULL, '150.00', 0, 1, '', '', ''),
(1277, '', 'Яблуня Чемпіон', '', 4, 'контейнер', '10 л.', NULL, '80.00', 0, 1, '', '', ''),
(1403, '', 'Нектарин \"Фантазія\"', '', 4, 'контейнер', '7,5 л.', NULL, '120.00', 0, 1, '', '', ''),
(1279, '', 'Яблуня Райська', '', 4, 'контейнер', '10 л.', NULL, '150.00', 0, 1, '', '', ''),
(1402, '', 'Йошта', '', 4, 'контейнер', '3 л.', NULL, '50.00', 0, 1, '', '', ''),
(1283, '', 'Смородина Титанія', '', 4, 'контейнер', '2 л.', NULL, '30.00', 0, 1, '', '', ''),
(1284, '', 'Голубіка Блу Джей', '', 4, 'контейнер', '3 л.', NULL, '100.00', 0, 1, '', '', ''),
(1285, '', 'Голубіка', '', 4, 'контейнер', '2 л.', NULL, '75.00', 0, 1, '', '', ''),
(1401, '', 'Жимолость', '', 4, 'контейнер', '2 л.', NULL, '90.00', 0, 1, '', '', ''),
(1290, '', 'Лимонник', '', 4, 'контейнер', '5 л.', NULL, '85.00', 0, 1, '', '', ''),
(1400, '', 'Груша Талагарська', '', 4, 'контейнер', '10 л.', NULL, '100.00', 0, 1, '', '', ''),
(1399, '', 'Груша Марія', '', 4, 'контейнер', '10 л.', NULL, '100.00', 0, 1, '', '', ''),
(1298, '', 'Бояришнік', '', 4, 'контейнер', '10 л.', NULL, '180.00', 0, 1, '', '', ''),
(1299, '', 'Фундук', '', 4, 'контейнер', '10 л.', NULL, '145.00', 0, 1, '', '', ''),
(1398, '', 'Груша Дельбар', '', 4, 'контейнер', '10 л.', NULL, '100.00', 0, 1, '', '', ''),
(1303, '', 'Кизил', '', 4, 'контейнер', '2 л.', NULL, '70.00', 0, 1, '', '', ''),
(1304, '', 'Малина ', '', 4, 'контейнер', '3 л.', NULL, '30.00', 0, 1, '', '', ''),
(1397, '', 'Груша \"Н. Крюгер\"', '', 4, 'контейнер', '7,5 л.', NULL, '100.00', 0, 1, '', '', ''),
(1306, '', 'Аґрус ', '', 4, 'контейнер', '3 л.', NULL, '50.00', 0, 1, '', '', ''),
(1307, '', 'Аронія ', '', 4, 'контейнер', '7,5 л.', NULL, '65.00', 0, 1, '', '', ''),
(1396, '', 'Горобина Крпноплідна', '', 4, 'контейнер', '10 л.', NULL, '155.00', 0, 1, '', '', ''),
(1394, '', 'Виноград ', '', 4, 'контейнер', '3 л.', NULL, '100.00', 0, 1, '', '', ''),
(1622, '', 'Вереск', '', 5, 'контейнер', 'С1', NULL, '50.00', 0, 1, '', '', ''),
(1623, '', 'Лілейники різних сортів', '', 5, 'контейнер', 'С3', NULL, '50.00', 0, 1, '', '', ''),
(1745, 'Yalyna', 'Ялина', 'asdf', 2, 'Container', '200', '300', '300.00', NULL, 1, NULL, 'asdf', 'asdf'),
(1746, 'Yalyna4', 'Yalyna3', 'Yalyna5', 2, 'Yalyna6', 'Yalyna7', 'Yalyna9', '1234.00', NULL, 1, NULL, 'Yalyna8', 'Yalyna10');

-- --------------------------------------------------------

--
-- Структура таблицы `user`
--

CREATE TABLE `user` (
  `id` int(11) NOT NULL,
  `username` varchar(255) COLLATE utf8_unicode_ci NOT NULL,
  `firstname` varchar(255) COLLATE utf8_unicode_ci NOT NULL,
  `lastname` varchar(255) COLLATE utf8_unicode_ci NOT NULL,
  `auth_key` varchar(32) COLLATE utf8_unicode_ci NOT NULL,
  `password_hash` varchar(255) COLLATE utf8_unicode_ci NOT NULL,
  `password_reset_token` varchar(255) COLLATE utf8_unicode_ci DEFAULT NULL,
  `email` varchar(255) COLLATE utf8_unicode_ci NOT NULL,
  `phone` varchar(17) COLLATE utf8_unicode_ci NOT NULL,
  `status` smallint(6) NOT NULL DEFAULT '10',
  `created_at` int(11) NOT NULL,
  `updated_at` int(11) NOT NULL
) ENGINE=InnoDB DEFAULT CHARSET=utf8 COLLATE=utf8_unicode_ci;

--
-- Дамп данных таблицы `user`
--

INSERT INTO `user` (`id`, `username`, `firstname`, `lastname`, `auth_key`, `password_hash`, `password_reset_token`, `email`, `phone`, `status`, `created_at`, `updated_at`) VALUES
(1, 'admin', 'Kolia', 'Holovnia', '0MRLZZZfoOYEaBeZoBJYpQd_xbSNu5bw', '$2y$13$9qdKtxg0slG.2.BjbaTk9OGaaSoKS0zjnEO.3IFoTNeBdpsFvcYHy', NULL, 'zhenia@yahoo.com', '', 10, 1496636065, 1496636065),
(2, 'vasil', 'Vasia', 'Petrovich', 'obJhaO4ZzV8Mjnpki_Nyh1g76as-Vbwl', '$2y$13$ml.57RE73znJ4G9QXOdRcO/A4yE5.H.u6If85oOKV9ZseoqY0YeZ6', NULL, 'vasia@yahoo.com', '+380982542685', 10, 1496649724, 1496649724);

--
-- Индексы сохранённых таблиц
--

--
-- Индексы таблицы `categories`
--
ALTER TABLE `categories`
  ADD PRIMARY KEY (`category_id`);

--
-- Индексы таблицы `migration`
--
ALTER TABLE `migration`
  ADD PRIMARY KEY (`version`);

--
-- Индексы таблицы `products`
--
ALTER TABLE `products`
  ADD PRIMARY KEY (`product_id`),
  ADD KEY `category_id` (`category_id`);

--
-- Индексы таблицы `user`
--
ALTER TABLE `user`
  ADD PRIMARY KEY (`id`),
  ADD UNIQUE KEY `username` (`username`),
  ADD UNIQUE KEY `email` (`email`),
  ADD UNIQUE KEY `firstname` (`firstname`),
  ADD UNIQUE KEY `lastname` (`lastname`),
  ADD UNIQUE KEY `phone` (`phone`),
  ADD UNIQUE KEY `password_reset_token` (`password_reset_token`);

--
-- AUTO_INCREMENT для сохранённых таблиц
--

--
-- AUTO_INCREMENT для таблицы `categories`
--
ALTER TABLE `categories`
  MODIFY `category_id` int(4) NOT NULL AUTO_INCREMENT, AUTO_INCREMENT=14;
--
-- AUTO_INCREMENT для таблицы `products`
--
ALTER TABLE `products`
  MODIFY `product_id` int(8) NOT NULL AUTO_INCREMENT, AUTO_INCREMENT=1747;
--
-- AUTO_INCREMENT для таблицы `user`
--
ALTER TABLE `user`
  MODIFY `id` int(11) NOT NULL AUTO_INCREMENT, AUTO_INCREMENT=3;
/*!40101 SET CHARACTER_SET_CLIENT=@OLD_CHARACTER_SET_CLIENT */;
/*!40101 SET CHARACTER_SET_RESULTS=@OLD_CHARACTER_SET_RESULTS */;
/*!40101 SET COLLATION_CONNECTION=@OLD_COLLATION_CONNECTION */;
